-- Insert multiple themes (if necessary)
INSERT INTO theme (THEME_NAME, FILE_NAME) VALUES ('Professional Dark', 'dark-theme.css'), ('Minimal Light', 'light-theme.css'), ('Modern Blue', 'blue-theme.css'), ('Classic Red', 'red-theme.css'), ('Elegant Green', 'green-theme.css'), ('Tech White', 'white-theme.css'), ('Dark Mode', 'darkmode-theme.css'), ('Bright Yellow', 'yellow-theme.css'), ('Warm Brown', 'brown-theme.css'), ('Cool Gray', 'gray-theme.css');

-- Insert multiple CV records without THEME_ID
INSERT INTO cv (FIRST_NAME, LAST_NAME, PHONE_NUMBER, EMAIL_ADDRESS, TITLE, PICTURE, ABOUT_ME, SKILLS, EDUCATION, EMPLOYMENT_HISTORY, LANGUAGES, CERTIFICATES, HOBBIES, PROJECTS, PUBLICATIONS, AWARDS, REFERENCES) VALUES ('Ketrina', 'Gjini', '123-456-7890', 'john.doe@example.com', 'Software Engineer', NULL, 'Experienced software engineer with a passion for developing innovative programs.', 'Java, Spring Boot, Hibernate, Microservices', 'B.S. in Computer Science from University of Technology', 'Software Engineer at ABC Corp, Senior Developer at XYZ Inc.', 'English, Spanish', 'Oracle Certified Java Developer', 'Hiking, Reading', 'Personal portfolio website, E-commerce platform', 'Published article on cloud computing in Tech Journal', 'Employee of the Year at ABC Corp', 'Dr. Jane Smith, Professor at University of Technology'), ('John', 'Doe', '987-654-3210', 'john.doe2@example.com', 'Senior Developer', NULL, 'Passionate about building scalable systems and learning new technologies.', 'JavaScript, Node.js, React, MongoDB', 'M.Sc. in Computer Science from Tech University', 'Backend Developer at DEF Corp, Lead Developer at GHI Inc.', 'French, German', 'AWS Certified Developer', 'Cycling, Traveling', 'E-commerce website, Social Media Platform', 'Published work on microservices in Tech Weekly', 'Best Developer of the Year at DEF Corp', 'Dr. Robert Johnson, Mentor at Tech University'), ('Alice', 'Smith', '321-654-9870', 'alice.smith@example.com', 'Product Manager', NULL, 'Product manager with a strong background in user experience and Agile methodologies.', 'Agile, Scrum, Product Development, UX/UI Design', 'MBA in Technology Management from XYZ Business School', 'Product Manager at ABC Corp, Senior Product Manager at XYZ Inc.', 'English, French', 'Certified Scrum Master', 'Yoga, Painting', 'Mobile App Development, SaaS Solutions', 'Keynote speaker on Agile at Tech Conference', 'Best Product Manager of the Year at ABC Corp', 'Dr. Emily Taylor, Supervisor at XYZ Business School'), ('David', 'Miller', '234-567-8901', 'david.miller@example.com', 'DevOps Engineer', NULL, 'Experienced DevOps engineer with a focus on automation and cloud technologies.', 'Docker, Kubernetes, CI/CD, AWS, Terraform', 'B.Sc. in Information Technology from XYZ University', 'DevOps Engineer at Tech Co., Senior DevOps at Cloud Corp.', 'English, Spanish', 'Certified Kubernetes Administrator', 'Photography, Cycling', 'Cloud Infrastructure Automation, Containerization', 'Published work on DevOps in Tech Journal', 'Employee of the Year at Cloud Corp', 'Dr. James Wilson, Mentor at XYZ University'), ('Sarah', 'Johnson', '876-543-2109', 'sarah.johnson@example.com', 'UI/UX Designer', NULL, 'Creative UI/UX designer passionate about improving user experiences.', 'Figma, Adobe XD, Sketch, User Research', 'B.A. in Graphic Design from Arts University', 'UI/UX Designer at Creative Agency, Lead Designer at Studio X', 'English, Portuguese', 'UX Certified Professional', 'Traveling, Photography', 'Website Design, Branding Projects', 'Keynote speaker at Design Summit 2022', 'Best Designer of the Year at Studio X', 'Dr. Anna Bell, Design Instructor at Arts University'), ('James', 'Wilson', '654-321-9870', 'james.wilson@example.com', 'System Architect', NULL, 'System architect with experience in designing large-scale enterprise solutions.', 'Java, Spring, Microservices, Enterprise Architecture', 'M.Sc. in Computer Science from Global Tech University', 'System Architect at Enterprise Solutions, Senior Engineer at TechVision', 'English, Italian', 'Certified Enterprise Architect', 'Running, Chess', 'Enterprise System Design, Cloud Solutions', 'Author of Architecting for the Cloud', 'Outstanding Architect Award at TechVision', 'Dr. Lisa Green, Professor at Global Tech University'), ('Mary', 'Brown', '987-321-6540', 'mary.brown@example.com', 'Data Scientist', NULL, 'Data scientist with a passion for AI and machine learning algorithms.', 'Python, R, SQL, Machine Learning, Deep Learning', 'B.Sc. in Data Science from Data Institute', 'Data Scientist at AI Corp, Machine Learning Engineer at Data Labs', 'English, Mandarin', 'Certified Data Scientist', 'Cooking, Reading', 'AI Models, Big Data Analysis', 'Published research on AI in Data Science Journal', 'Data Scientist of the Year at AI Corp', 'Dr. William Harris, Supervisor at Data Institute'), ('Emma', 'Davis', '543-210-9876', 'emma.davis@example.com', 'Full Stack Developer', NULL, 'Full Stack developer specializing in building scalable web applications.', 'JavaScript, Node.js, Angular, MongoDB', 'B.Sc. in Software Engineering from Tech University', 'Full Stack Developer at CodeFactory, Senior Developer at DevLabs', 'English, French', 'Certified JavaScript Developer', 'Swimming, Music', 'Web Applications, Cloud Development', 'Presenter at WebDev 2022', 'Best Full Stack Developer at DevLabs', 'Dr. Jessica Martin, Professor at Tech University'), ('Robert', 'Garcia', '654-987-1230', 'robert.garcia@example.com', 'QA Engineer', NULL, 'QA engineer with strong skills in automation testing and continuous integration.', 'Selenium, JUnit, TestNG, Jenkins, Python', 'B.A. in Computer Science from XYZ University', 'QA Engineer at TechTesters, Senior QA at DevWorks', 'English, German', 'Certified Tester', 'Gaming, Hiking', 'Automated Testing, CI/CD Pipelines', 'Speaker at QA Testing Summit', 'QA Engineer of the Year at DevWorks', 'Dr. Chris Parker, Mentor at XYZ University'), ('Olivia', 'Martinez', '321-765-4321', 'olivia.martinez@example.com', 'Security Engineer', NULL, 'Cybersecurity professional with a focus on securing enterprise systems.', 'Penetration Testing, Ethical Hacking, Network Security', 'B.Sc. in Cybersecurity from Tech School', 'Security Engineer at SecureTech, Senior Engineer at SafeNetworks', 'English, Spanish', 'Certified Ethical Hacker', 'Running, Soccer', 'Security Audits, Vulnerability Assessments', 'Guest speaker on Cybersecurity at CyberCon', 'Security Professional of the Year at SafeNetworks', 'Dr. Michael Clark, Advisor at Tech School');

-- Update THEME_ID for each CV based on the theme name
UPDATE cv SET THEME_ID = (SELECT ID FROM theme WHERE THEME_NAME = 'Professional Dark' LIMIT 1) WHERE EMAIL_ADDRESS = 'john.doe@example.com';
UPDATE cv SET THEME_ID = (SELECT ID FROM theme WHERE THEME_NAME = 'Minimal Light' LIMIT 1) WHERE EMAIL_ADDRESS = 'john.doe2@example.com';
UPDATE cv SET THEME_ID = (SELECT ID FROM theme WHERE THEME_NAME = 'Modern Blue' LIMIT 1) WHERE EMAIL_ADDRESS = 'alice.smith@example.com';
UPDATE cv SET THEME_ID = (SELECT ID FROM theme WHERE THEME_NAME = 'Classic Red' LIMIT 1) WHERE EMAIL_ADDRESS = 'david.miller@example.com';
UPDATE cv SET THEME_ID = (SELECT ID FROM theme WHERE THEME_NAME = 'Elegant Green' LIMIT 1) WHERE EMAIL_ADDRESS = 'sarah.johnson@example.com';
UPDATE cv SET THEME_ID = (SELECT ID FROM theme WHERE THEME_NAME = 'Tech White' LIMIT 1) WHERE EMAIL_ADDRESS = 'james.wilson@example.com';
UPDATE cv SET THEME_ID = (SELECT ID FROM theme WHERE THEME_NAME = 'Dark Mode' LIMIT 1) WHERE EMAIL_ADDRESS = 'mary.brown@example.com';
UPDATE cv SET THEME_ID = (SELECT ID FROM theme WHERE THEME_NAME = 'Bright Yellow' LIMIT 1) WHERE EMAIL_ADDRESS = 'emma.davis@example.com';
UPDATE cv SET THEME_ID = (SELECT ID FROM theme WHERE THEME_NAME = 'Warm Brown' LIMIT 1) WHERE EMAIL_ADDRESS = 'robert.garcia@example.com';
UPDATE cv SET THEME_ID = (SELECT ID FROM theme WHERE THEME_NAME = 'Cool Gray' LIMIT 1) WHERE EMAIL_ADDRESS = 'olivia.martinez@example.com';

-- Insert multiple addresses for the inserted CV records
INSERT INTO address (CV_ID, STREET, CITY, STATE, COUNTRY, POSTAL_CODE) VALUES ((SELECT "ID" FROM cv WHERE EMAIL_ADDRESS = 'john.doe@example.com'), '123 Main St', 'San Francisco', 'CA', 'USA', '94105'), ((SELECT "ID" FROM cv WHERE EMAIL_ADDRESS = 'john.doe2@example.com'), '456 Elm St', 'Los Angeles', 'CA', 'USA', '90001'), ((SELECT "ID" FROM cv WHERE EMAIL_ADDRESS = 'alice.smith@example.com'), '789 Oak St', 'Chicago', 'IL', 'USA', '60601'), ((SELECT "ID" FROM cv WHERE EMAIL_ADDRESS = 'david.miller@example.com'), '101 Pine St', 'New York', 'NY', 'USA', '10001'), ((SELECT "ID" FROM cv WHERE EMAIL_ADDRESS = 'sarah.johnson@example.com'), '202 Maple St', 'Austin', 'TX', 'USA', '73301'), ((SELECT "ID" FROM cv WHERE EMAIL_ADDRESS = 'james.wilson@example.com'), '303 Birch St', 'Denver', 'CO', 'USA', '80202'), ((SELECT "ID" FROM cv WHERE EMAIL_ADDRESS = 'mary.brown@example.com'), '404 Cedar St', 'Miami', 'FL', 'USA', '33101'), ((SELECT "ID" FROM cv WHERE EMAIL_ADDRESS = 'emma.davis@example.com'), '505 Redwood St', 'Seattle', 'WA', 'USA', '98101'), ((SELECT "ID" FROM cv WHERE EMAIL_ADDRESS = 'robert.garcia@example.com'), '606 Pine St', 'Dallas', 'TX', 'USA', '75201'), ((SELECT "ID" FROM cv WHERE EMAIL_ADDRESS = 'olivia.martinez@example.com'), '707 Palm St', 'San Diego', 'CA', 'USA', '92101');

-- Insert multiple links for each CV
INSERT INTO link (CV_ID, PLATFORM, URL) VALUES ((SELECT "ID" FROM cv WHERE EMAIL_ADDRESS = 'john.doe@example.com'), 'LinkedIn', 'https://linkedin.com/in/johndoe'), ((SELECT "ID" FROM cv WHERE EMAIL_ADDRESS = 'john.doe@example.com'), 'GitHub', 'https://github.com/johndoe'), ((SELECT "ID" FROM cv WHERE EMAIL_ADDRESS = 'john.doe2@example.com'), 'LinkedIn', 'https://linkedin.com/in/johndoe2'), ((SELECT "ID" FROM cv WHERE EMAIL_ADDRESS = 'john.doe2@example.com'), 'GitHub', 'https://github.com/johndoe2'), ((SELECT "ID" FROM cv WHERE EMAIL_ADDRESS = 'alice.smith@example.com'), 'LinkedIn', 'https://linkedin.com/in/alicesmith'), ((SELECT "ID" FROM cv WHERE EMAIL_ADDRESS = 'alice.smith@example.com'), 'GitHub', 'https://github.com/alicesmith'), ((SELECT "ID" FROM cv WHERE EMAIL_ADDRESS = 'david.miller@example.com'), 'LinkedIn', 'https://linkedin.com/in/davidmiller'), ((SELECT "ID" FROM cv WHERE EMAIL_ADDRESS = 'david.miller@example.com'), 'GitHub', 'https://github.com/davidmiller'), ((SELECT "ID" FROM cv WHERE EMAIL_ADDRESS = 'sarah.johnson@example.com'), 'LinkedIn', 'https://linkedin.com/in/sarahjohnson'), ((SELECT "ID" FROM cv WHERE EMAIL_ADDRESS = 'sarah.johnson@example.com'), 'GitHub', 'https://github.com/sarahjohnson');
